responseId,startTime,endTime,testType,activityPoints,dfs01,dfs02,dfs03,dfs04,dfs05,dfs06,dfs07,dfs08,dfs09,dfsPreMean,motivationPos01,motivationPos02,motivationPos03*,motivationPos04,motivationPos05,motivationPos06,motivationPos07*,motivationPos08,motivationPos09,motivationPos10,motivationPos11,motivationPos12*,motivationPos13,motivationPos14,motivationPos15*,motivationPos16,motivationPos17,motivationPos18,motivationPos19*,motivationPos20,motivationPos21,motivationPos22*,motivationPos23,motivationPos24,motivationPos25,motivationPos26*,motivationPos27,motivationPos28,motivationPos29*,motivationPos30,motivationPos31*,motivationPos32,motivationPos33,motivationPos34*,motivationPos35,motivationPos36,attention,relevance,confidence,satisfaction,motivationPostSum,fss01,fss02,fss03,fss04,fss05,fss06,fss07,fss08,fss09,flowPosMean,gender,condition,age,ethnicity,city,civilState,universityEducation,institucion,educationLevel,conclusion
e0a45680-9be3-11eb-8bc5-d17adb29b9cd,1618268220773,1618268763924,stMale,18,5,2,3,4,4,3,3,2,3,"3,222222222",4,2,5,2,3,2,4,2,1,1,1,5,4,3,3,2,4,2,4,2,2,3,2,3,4,2,2,4,5,4,5,3,2,2,2,2,73,18,31,15,103,5,5,5,5,1,1,2,2,5,"3,444444444",Homem,inBoost,24,Negro,Maceió,Solteiro(a),Sim,UFAL,Graduação,2022
36b9ff20-9be4-11eb-8bc5-d17adb29b9cd,1618268364929,1618268897213,stFemale,17,2,4,3,3,5,2,4,5,4,"3,555555556",3,4,3,,3,3,4,4,4,4,2,5,4,5,5,4,4,3,4,4,4,4,3,3,3,4,3,2,4,3,3,4,3,5,3,3,70,31,29,22,126,4,5,4,3,3,3,3,2,4,"3,444444444",Não binário,,34,Pardo,Salvador,Solteiro(a),Sim,Universidade Salvador,Outros,2021
f397a8e0-9be9-11eb-8bc5-d17adb29b9cd,1618270731298,1618271348424,stMale,19,5,4,5,4,5,4,5,3,4,"4,333333333",3,2,3,2,4,2,5,3,1,2,1,4,4,2,3,2,2,1,3,2,2,5,1,3,5,4,4,1,3,1,5,5,3,5,2,4,59,17,32,21,104,5,5,5,2,3,5,4,5,5,"4,333333333",Homem,inBoost,21,Branco,Maceió,Solteiro(a),Sim,UFAL,Graduação,
b701f230-9beb-11eb-8bc5-d17adb29b9cd,1618271202352,1618272045615,stMale,13,2,1,2,2,4,3,4,5,3,"2,888888889",3,3,4,3,4,2,1,3,1,5,3,1,4,5,1,3,3,1,3,3,4,2,3,4,3,4,2,5,3,5,1,5,4,1,4,5,64,28,26,25,111,4,3,2,4,4,3,3,4,3,"3,333333333",Mulher,inThreat,22,Branco,Maceió,Prefiro não Responder,Sim,UFAL,Graduação,2021
c9456440-9beb-11eb-8bc5-d17adb29b9cd,1618271419414,1618272146161,default,16,4,2,3,4,4,4,4,4,4,"3,666666667",4,4,1,5,5,5,3,5,2,4,5,5,5,5,5,5,3,4,2,5,5,5,5,5,4,5,5,5,5,5,5,5,4,5,4,4,81,39,33,29,158,5,4,4,4,4,5,4,5,5,"4,444444444",Homem,control,22,Branco,Maceió,Casado(a),Sim,UFAL,Graduação,2022
f8c7b6f0-9beb-11eb-8bc5-d17adb29b9cd,1618270775093,1618271972751,default,18,3,4,4,2,3,2,3,5,4,"3,333333333",3,4,3,3,4,4,4,4,2,3,3,4,3,4,4,4,4,3,5,5,4,3,3,3,4,4,4,3,3,3,5,4,3,3,4,4,64,29,32,24,130,4,3,4,4,2,4,4,4,4,"3,666666667",Homem,control,20,Branco,"Agrestina, PE",Solteiro(a),Sim,UFAL,Graduação,2024
f7ef3bd0-9bec-11eb-8bc5-d17adb29b9cd,1618282611205,1618283276310,default,15,5,3,4,5,3,4,3,4,5,4,5,5,1,5,4,3,1,5,1,5,3,4,5,5,5,3,5,3,1,5,5,4,5,3,3,4,5,3,5,3,5,5,3,1,3,5,68,30,25,29,136,5,1,4,5,5,5,4,4,5,"4,222222222",Mulher,control,24,Branco,Natal,Solteiro(a),Sim,UnP,Outros,2022
c2566720-9bf4-11eb-8bc5-d17adb29b9cd,1618275374033,1618275948261,stFemale,14,4,3,4,4,3,4,5,2,3,"3,555555556",4,5,3,4,5,3,1,4,4,4,5,4,5,4,3,4,5,3,3,5,4,3,4,4,5,3,5,5,2,4,4,4,4,3,5,5,81,33,33,27,142,5,5,4,2,3,4,5,5,4,"4,111111111",Homem,inThreat,22,Pardo,Maceio,Solteiro(a),Sim,UFAL,Outros,2023
9c28c4f0-9c01-11eb-8bc5-d17adb29b9cd,1618281083433,1618281542651,stMale,17,4,3,4,3,3,3,1,4,3,"3,111111111",4,4,3,4,4,2,3,4,2,5,2,3,4,4,4,4,4,2,4,3,4,3,3,4,3,3,5,4,3,4,5,4,4,4,4,4,72,29,33,25,130,5,2,4,4,3,5,5,4,3,"3,888888889",Não binário,,21,Branco,Maceió,Solteiro(a),Sim,UFAL,Graduação,2022
b2a33480-9c02-11eb-8bc5-d17adb29b9cd,1618274292216,1618281973943,stFemale,14,3,2,2,1,3,2,2,5,2,"2,444444444",4,4,3,2,5,2,5,3,1,4,3,4,1,4,2,5,4,1,4,5,3,2,4,3,4,3,5,1,2,1,5,5,3,1,4,3,61,24,28,25,115,5,3,5,5,1,5,4,5,3,4,Mulher,inBoost,22,Branco,Maceió,Solteiro(a),Sim,UFAL,Graduação,19
12ffc1c0-9c50-11eb-8bc5-d17adb29b9cd,1618313458574,1618315236173,default,16,3,2,4,4,3,3,2,4,3,"3,111111111",4,3,2,4,3,,1,3,3,3,4,3,3,2,3,2,3,3,3,2,2,1,4,2,4,2,5,4,4,2,2,2,2,4,3,3,57,21,28,17,100,3,4,4,4,4,3,4,3,4,"3,666666667",Homem,control,23,Prefiro não Responder,Maceió,Solteiro(a),Sim,UFAL,Graduação,2022
e6af6990-9c59-11eb-8bc5-d17adb29b9cd,1618318935345,1618319461582,stFemale,12,4,5,4,3,3,3,2,5,3,"3,555555556",4,3,5,3,4,5,4,5,4,5,4,5,4,4,5,4,5,5,4,4,4,4,4,2,4,5,4,3,4,,4,4,4,5,5,4,74,36,38,24,146,4,1,5,5,5,5,5,5,4,"4,333333333",Mulher,inBoost,21,Branco,Maceió,Solteiro(a),Sim,UFAL,Graduação,2023
22d1ce90-9c64-11eb-8bc5-d17adb29b9cd,1618323102697,1618323826137,stFemale,17,5,3,5,5,2,2,5,3,4,"3,777777778",4,3,5,4,4,5,5,5,5,3,3,4,4,3,5,5,5,3,3,3,4,5,3,3,4,2,3,3,3,4,4,4,4,5,5,5,73,34,39,23,142,5,5,5,4,3,5,4,5,5,"4,555555556",Homem,inThreat,20,Branco,,Solteiro(a),Sim,UFAL,Graduação,2024
1b68b1b0-9c68-11eb-8bc5-d17adb29b9cd,1618324122276,1618325516447,stFemale,16,4,4,4,4,4,3,2,5,2,"3,555555556",5,5,2,4,4,4,3,3,4,3,3,5,5,4,5,4,3,3,4,4,3,3,3,3,5,3,3,3,4,2,4,3,2,4,3,4,65,28,35,21,129,5,2,5,5,4,5,4,3,5,"4,222222222",Mulher,inBoost,21,Pardo,Maceió,Solteiro(a),Sim,UFAL,Graduação,2023
e3f684f0-9c76-11eb-8bc5-d17adb29b9cd,1618331032720,1618331859959,stMale,19,3,2,2,4,3,2,2,5,3,"2,888888889",3,4,5,3,4,4,4,5,3,4,3,5,2,4,4,2,3,3,5,5,3,4,2,2,4,4,3,3,4,1,5,4,2,4,2,3,74,25,32,21,125,4,2,4,1,3,2,3,4,4,3,Homem,inBoost,20,Branco,Maceió,Solteiro(a),Sim,UFAL,Graduação,
3fc49290-9c86-11eb-8bc5-d17adb29b9cd,1618337014216,1618338418546,default,19,5,2,4,3,4,4,2,5,3,"3,555555556",3,4,5,4,5,4,4,4,2,3,4,4,2,4,5,3,4,2,5,5,4,4,5,2,4,4,4,5,5,3,4,5,4,4,4,5,77,30,35,27,142,5,2,5,4,4,4,3,5,4,4,Homem,control,26,Branco,Maceió,Solteiro(a),Sim,UFAL,Mestrado,2021
614e46d0-9c87-11eb-8bc5-d17adb29b9cd,1618337806276,1618338783328,stMale,18,4,4,4,4,4,4,2,4,4,"3,777777778",4,4,5,4,4,4,5,4,4,3,4,5,4,3,2,4,4,4,5,4,4,3,4,2,3,3,,4,4,2,5,4,3,5,3,3,59,31,38,18,132,4,3,4,3,4,4,4,4,4,"3,777777778",Homem,inBoost,20,Branco,Maceió,Solteiro(a),Sim,UFAL,Graduação,2024
9ed7cf30-9c8c-11eb-8bc5-d17adb29b9cd,1618340536552,1618341262560,stMale,17,,,,,4,3,4,3,4,"3,6",5,5,2,4,4,5,5,5,2,2,2,5,4,3,3,2,3,2,5,2,2,3,4,2,2,4,4,4,3,1,5,4,2,3,4,3,75,24,34,20,120,5,5,3,4,3,3,3,3,3,"3,555555556",Homem,inBoost,21,Pardo,Belo Horizonte,Solteiro(a),Sim,UFMG - Universidade Federal de Minas Gerais,Graduação,2022.2
c2970110-9c8d-11eb-8bc5-d17adb29b9cd,1618340889093,1618341672506,stFemale,16,4,5,4,4,3,4,3,4,4,"3,888888889",5,5,3,5,4,5,4,4,4,4,2,5,5,4,5,4,4,3,5,4,4,5,4,2,4,3,3,4,3,2,5,5,3,5,3,4,83,32,39,24,143,5,5,4,4,4,5,5,5,5,"4,666666667",Mulher,inBoost,21,Branco,maceió,Solteiro(a),Sim,UNIT,Graduação,2022
bb8998c0-9c91-11eb-8bc5-d17adb29b9cd,1618342496592,1618343326546,stMale,15,4,2,3,2,3,2,2,5,5,"3,111111111",4,4,3,5,5,5,5,5,3,4,2,4,5,3,5,3,3,3,2,5,4,4,3,2,4,4,2,3,2,3,5,4,3,5,3,5,78,31,36,23,134,3,1,5,2,5,5,4,5,4,"3,777777778",Homem,inBoost,20,Branco,Maceió,Solteiro(a),Sim,UPORTO,Outros,
1f3271d0-9c92-11eb-8bc5-d17adb29b9cd,1618342783074,1618343524506,default,15,4,3,4,3,3,2,3,5,5,"3,555555556",5,5,1,5,4,2,4,4,2,4,2,3,4,4,4,4,2,1,5,2,2,1,1,1,5,2,5,2,1,2,1,4,1,2,2,3,63,19,33,22,102,1,2,3,4,5,4,3,3,1,"2,888888889",Mulher,control,18,Pardo,Maceió,Solteiro(a),Sim,UFAL,Graduação,2025
f713a470-9c92-11eb-8bc5-d17adb29b9cd,1618343456477,1618343932662,stFemale,15,5,3,5,5,3,4,5,3,5,"4,222222222",5,5,3,5,5,3,4,5,5,5,5,5,5,5,5,5,5,,5,5,5,5,5,5,3,5,2,5,5,5,5,5,5,5,5,5,78,38,40,27,165,5,5,5,5,2,5,5,5,3,"4,444444444",Homem,inThreat,23,Prefiro não Responder,Maceió,Solteiro(a),Sim,UFAL,Graduação,2022
7b2dc670-9ca0-11eb-8bc5-d17adb29b9cd,1618348844152,1618349763882,stMale,13,2,2,4,3,1,1,2,5,5,"2,777777778",5,4,5,2,5,5,3,5,5,5,3,5,5,3,5,5,5,3,5,5,5,3,5,4,3,5,5,5,5,5,5,5,2,3,5,5,90,40,36,28,158,5,5,5,5,4,5,5,5,5,"4,888888889",Mulher,inThreat,20,Branco,Maceió,Solteiro(a),Sim,UFAL,Graduação,2023
e3e847c0-9cb0-11eb-8bc5-d17adb29b9cd,1618356219255,1618356780045,stFemale,15,3,2,3,3,4,2,3,4,4,"3,111111111",5,5,5,3,4,5,5,5,5,5,5,5,5,5,5,5,5,1,3,5,5,5,4,2,4,5,4,4,5,4,5,5,5,5,5,5,83,39,40,28,163,5,3,5,4,5,5,5,4,5,"4,555555556",Mulher,inBoost,36,Branco,Rio Claro,Casado(a),Não,,Graduação,
7a3aaeb0-9cb2-11eb-8bc5-d17adb29b9cd,1618356509961,1618357408981,stFemale,16,4,2,4,3,3,4,4,5,5,"3,777777778",5,5,3,3,4,5,1,5,5,4,5,5,5,5,5,5,4,3,2,5,5,4,5,5,5,4,1,5,1,2,1,4,3,2,4,5,80,36,30,24,140,4,2,4,4,5,5,4,4,4,4,Homem,inThreat,20,Pardo,Maceió,Solteiro(a),Sim,Universidade Federal do Ceará,Graduação,2022
ed3b00a0-9cb6-11eb-8bc5-d17adb29b9cd,1618358342240,1618359398506,default,18,4,3,4,3,4,2,5,3,3,"3,444444444",3,2,2,4,4,3,4,3,1,3,2,4,3,3,3,2,4,2,3,3,4,4,3,2,3,5,1,3,5,1,5,4,3,4,2,4,53,23,28,20,111,5,5,3,4,4,4,3,4,5,"4,111111111",Homem,control,54,Pardo,Alfenas/MG,Casado(a),Sim,UFOP,Mestrado,2021
2bb0c520-9cb9-11eb-8bc5-d17adb29b9cd,1618359441908,1618360079321,default,9,4,2,5,4,4,4,4,4,4,"3,888888889",5,5,5,5,5,5,3,5,5,5,5,4,5,4,5,4,5,4,1,4,5,4,5,3,4,5,5,5,5,3,5,5,5,4,5,5,84,41,37,29,162,5,5,4,4,2,5,5,4,5,"4,333333333",Mulher,control,41,Branco,São Paulo,Casado(a),Não,,,
608ef660-9cf3-11eb-8bc5-d17adb29b9cd,1618383995631,1618385113460,default,15,3,2,5,5,5,3,5,5,3,4,1,1,3,3,3,4,4,3,3,3,3,2,3,3,4,3,3,4,2,3,3,2,3,2,1,5,1,3,5,4,5,3,3,4,1,3,49,32,22,16,106,3,5,3,3,4,4,4,3,4,"3,666666667",Homem,control,22,Prefiro não Responder,Marechal Deodoro,Solteiro(a),Sim,UFAL,Outros,2025
e4d5a7d0-9d1a-11eb-8bc5-d17adb29b9cd,1618401080959,1618401893919,stMale,17,4,2,4,4,3,3,4,4,3,"3,444444444",5,4,3,4,5,3,4,5,2,5,3,5,3,2,5,5,5,2,5,4,5,4,4,2,5,4,5,5,5,2,5,5,4,5,5,5,73,31,39,27,149,5,4,5,5,3,4,4,5,4,"4,333333333",Mulher,inThreat,25,Branco,Maceió,Solteiro(a),Sim,UFAL,Graduação,2023
ec8f4920-9d2b-11eb-8bc5-d17adb29b9cd,1618408919631,1618409756813,stMale,16,2,2,3,3,3,3,3,2,2,"2,555555556",5,5,5,4,4,2,5,4,2,4,2,5,4,5,5,2,4,2,5,,4,5,1,3,4,,5,4,5,2,5,4,3,5,4,4,73,18,41,26,132,5,3,2,2,2,3,2,4,4,3,Mulher,inThreat,43,Pardo,Resende,Solteiro(a),Sim,PUC-Rio,Mestrado,2013
09c56ba0-9d36-11eb-8bc5-d17adb29b9cd,1618412705134,1618413979645,default,16,4,2,4,4,4,3,4,4,3,"3,555555556",4,4,3,3,4,4,4,4,3,4,4,5,4,4,5,4,4,4,4,4,4,4,4,4,4,4,4,4,4,3,5,4,4,3,4,4,76,34,33,24,142,4,4,3,2,4,4,3,3,4,"3,444444444",Homem,control,26,Negro,Maceió,Solteiro(a),Sim,UFAL,Graduação,2022
2c6e0b20-9d3c-11eb-8bc5-d17adb29b9cd,1618416005893,1618416636719,stMale,15,4,3,5,5,4,4,5,5,3,"4,222222222",5,4,5,5,3,1,1,3,3,3,3,5,3,1,3,1,3,4,5,1,1,2,3,1,5,1,1,1,3,1,4,3,1,1,3,3,63,18,33,12,96,5,5,5,5,3,5,5,3,4,"4,444444444",Homem,inBoost,22,Branco,Maceió,Solteiro(a),Sim,UFAL,Graduação,2023
96fcf190-9d3c-11eb-8bc5-d17adb29b9cd,1618416000971,1618416788345,stFemale,17,3,2,5,1,4,2,5,1,2,"2,777777778",5,5,5,3,4,3,4,4,3,2,5,1,3,3,5,3,5,3,4,5,3,3,3,1,3,5,3,3,5,1,5,3,3,5,4,4,75,26,36,20,129,5,1,3,3,1,5,5,3,3,"3,222222222",Homem,inThreat,24,Pardo,Maceió,Solteiro(a),Sim,UFAL,Graduação,2023
0b6120a0-9d3e-11eb-8bc5-d17adb29b9cd,1618416639416,1618417231397,default,15,4,4,3,3,4,2,2,5,3,"3,333333333",5,4,1,3,2,4,1,3,2,4,3,5,2,5,5,3,4,5,3,5,5,4,5,2,3,4,5,4,3,1,3,4,3,4,3,4,61,31,25,25,126,5,2,5,4,5,3,3,4,5,4,Homem,control,21,Branco,Maceió,Solteiro(a),Sim,UFAL,Graduação,2024
11bf6060-9d3e-11eb-8bc5-d17adb29b9cd,1618416643184,1618417390058,stFemale,16,5,4,4,3,3,3,3,5,3,"3,666666667",4,4,4,5,4,5,5,4,4,4,3,4,5,2,2,3,3,3,4,4,3,2,2,3,4,3,4,3,4,3,4,4,3,4,4,4,66,30,39,21,130,4,4,4,4,3,4,4,4,4,"3,888888889",Homem,inThreat,20,Branco,São Paulo,Solteiro(a),Sim,Uninove,Graduação,2022
06b64b50-9d40-11eb-8bc5-d17adb29b9cd,1618417622203,1618418232645,stFemale,17,5,4,4,3,4,4,5,5,4,"4,222222222",5,5,4,4,5,5,3,5,5,5,3,5,4,4,4,4,4,1,3,4,4,4,3,4,2,3,5,4,3,4,5,5,4,4,4,5,78,34,33,28,145,5,3,5,5,4,4,4,5,5,"4,444444444",Homem,inThreat,20,Pardo,Maceió,União estável,Sim,UFAL,Graduação,2023
7c2d7100-9d41-11eb-8bc5-d17adb29b9cd,1618417668987,1618418767329,stMale,18,4,3,5,2,5,4,5,3,3,"3,777777778",5,5,4,2,5,5,5,5,3,3,3,5,5,4,2,4,3,3,5,5,5,4,5,3,5,4,5,5,2,3,5,5,3,4,3,4,75,33,38,28,146,5,5,5,3,3,5,5,4,5,"4,444444444",Homem,inBoost,22,Pardo,Rio Largo,Solteiro(a),Sim,UFAL,Graduação,2023
cc413540-9d42-11eb-8bc5-d17adb29b9cd,1618418534242,1618419450095,stMale,17,4,3,3,3,2,3,2,4,3,3,4,3,5,4,3,4,4,3,3,1,2,4,3,2,3,2,4,2,4,3,2,2,2,2,4,2,4,2,4,2,5,2,1,4,3,3,62,19,35,16,107,4,4,3,3,3,3,4,2,3,"3,222222222",Homem,inBoost,21,Branco,Maceió,Solteiro(a),Sim,UFAL,Graduação,2022
05f9aab0-9d43-11eb-8bc5-d17adb29b9cd,1618419296437,1618419612048,default,12,4,2,4,3,5,4,1,5,3,"3,444444444",3,4,4,4,5,3,2,4,4,3,4,2,3,4,5,3,4,2,4,3,4,3,4,3,4,4,2,3,4,3,4,4,4,3,4,4,71,30,31,23,127,4,4,3,4,2,4,3,4,2,"3,333333333",Homem,control,22,Pardo,Junqueiro,Solteiro(a),Sim,UFAL,Graduação,2023
8c1b6f70-9d43-11eb-8bc5-d17adb29b9cd,1618418463769,1618419726264,default,15,4,5,5,4,5,4,5,5,5,"4,666666667",4,5,2,4,5,3,5,5,4,4,5,5,5,4,5,4,5,1,4,4,5,5,5,4,3,5,3,5,5,3,5,5,4,5,4,5,80,33,36,27,154,5,5,3,4,5,5,4,5,5,"4,555555556",Homem,control,21,Pardo,Maceió,Solteiro(a),Sim,UFAL,Graduação,2022
4ad9bce0-9d45-11eb-8bc5-d17adb29b9cd,1618419674101,1618420458909,stMale,13,4,3,4,4,4,4,5,3,5,4,5,4,4,3,4,5,3,4,5,4,4,4,5,5,4,4,4,4,2,4,4,4,4,2,4,3,4,4,4,2,4,5,2,5,5,5,63,33,36,27,142,5,1,4,5,2,2,5,4,5,"3,666666667",Homem,inBoost,45,Branco,São Paulo,Casado(a),Sim,UNIB,Outros,
a53a2730-9d48-11eb-8bc5-d17adb29b9cd,1618421299038,1618421983046,stMale,15,3,4,4,3,3,2,5,3,3,"3,333333333",3,3,4,3,3,4,2,5,3,3,2,2,3,4,5,3,3,3,5,5,3,2,4,2,3,4,3,3,3,3,3,5,3,5,3,5,70,30,31,23,122,5,5,3,3,1,4,5,4,3,"3,666666667",Mulher,inThreat,19,Pardo,Rio Largo,Solteiro(a),Sim,Centro universitário Cesmac,Graduação,2022
81cfe130-9d49-11eb-8bc5-d17adb29b9cd,1618421485597,1618422352466,stFemale,16,4,4,5,2,4,3,4,2,3,"3,444444444",5,5,5,5,4,5,1,5,2,3,5,5,5,4,5,2,4,5,5,5,5,1,5,1,5,2,2,2,2,5,3,5,3,5,4,4,68,32,40,24,139,3,1,5,5,1,5,5,4,5,"3,777777778",Mulher,inBoost,20,Branco,Maceió,Solteiro(a),Sim,UFAL,Graduação,2024
2553f7a0-9d4b-11eb-8bc5-d17adb29b9cd,1618422274866,1618422998129,default,14,3,2,4,3,5,3,2,3,5,"3,333333333",5,1,3,5,4,4,5,5,2,4,4,5,3,4,5,3,4,2,5,5,4,5,4,3,4,4,2,5,5,1,5,5,3,4,4,5,74,27,38,24,141,2,5,4,2,2,4,3,3,5,"3,333333333",Mulher,control,21,Pardo,Maceió,Solteiro(a),Sim,UFAL,Graduação,2022
19b1a040-9d83-11eb-8bc5-d17adb29b9cd,1618446667365,1618447095489,default,19,4,3,4,5,4,4,3,4,4,"3,888888889",5,3,5,3,3,5,4,4,3,1,3,5,3,5,3,1,4,2,4,4,5,5,4,1,4,1,2,3,2,1,2,2,3,3,,4,57,21,31,21,112,5,3,4,4,3,4,4,3,5,"3,888888889",Homem,control,20,Branco,Maceió,Prefiro não Responder,Sim,Cesmac,Graduação,
3f445100-9e31-11eb-8bc5-d17adb29b9cd,1618521407072,1618521890889,stFemale,13,4,4,3,3,4,4,4,4,3,"3,666666667",4,3,2,4,5,4,4,4,4,4,4,4,4,4,2,4,5,4,4,4,3,3,4,4,4,4,3,4,3,4,4,4,3,3,3,4,64,35,32,23,134,4,2,4,4,4,4,4,4,3,"3,666666667",Homem,inThreat,25,Branco,Maceió,Solteiro(a),Sim,UFAL,Graduação,2021
b2c9b7c0-a172-11eb-b922-53ca83b8bd36,1618878882803,1618879747173,stFemale,14,5,4,5,4,5,5,1,3,5,"4,111111111",5,4,5,4,4,5,2,5,1,3,3,3,3,2,,4,4,1,3,4,3,2,4,3,4,3,3,3,4,3,3,4,4,3,4,4,60,28,33,20,119,3,4,4,5,4,5,5,4,4,"4,222222222",Homem,inThreat,24,Branco,Maceió,Solteiro(a),Sim,UFAL,Mestrado,2021
dbec9230-a172-11eb-b922-53ca83b8bd36,1618878898448,1618879888140,stMale,16,5,5,5,5,5,5,5,3,4,"4,666666667",5,3,4,3,4,4,3,5,1,1,3,5,4,4,3,3,3,5,4,4,5,3,4,2,4,3,5,3,3,3,5,4,3,5,3,4,73,27,35,26,130,5,5,5,4,3,5,4,4,4,"4,333333333",Homem,inBoost,27,Branco,Maceió,Solteiro(a),Sim,UFAL,Graduação,2021
488c7e50-a173-11eb-b922-53ca83b8bd36,1618879030353,1618880078202,stFemale,18,4,1,3,4,3,3,4,4,3,"3,222222222",4,3,3,3,2,4,4,3,3,2,3,5,2,2,5,2,3,3,5,5,3,5,3,2,4,1,2,2,5,1,5,3,1,5,2,5,71,20,32,17,115,4,5,4,4,4,4,4,4,5,"4,222222222",Homem,inThreat,22,Branco,Maceió,Solteiro(a),Sim,UFAL,Graduação,2023
96084330-a551-11eb-b922-53ca83b8bd36,1619304049890,1619305368877,stMale,16,4,2,4,2,2,2,3,2,5,"2,888888889",3,2,3,2,4,3,4,3,2,3,2,2,2,4,3,2,3,2,4,4,4,5,3,3,3,5,2,4,3,2,5,4,2,2,4,3,67,24,27,21,111,4,2,4,2,3,5,3,4,3,"3,333333333",Homem,inBoost,24,Pardo,Rio Largo,Solteiro(a),Sim,UFAL,Graduação,2024
906b82f0-a968-11eb-b922-53ca83b8bd36,1619754349936,1619755074567,stMale,20,5,3,4,5,4,4,5,4,3,"4,111111111",3,2,4,3,4,5,5,3,2,3,2,5,1,2,1,3,1,,3,5,4,5,3,1,3,3,3,4,4,3,4,5,3,3,3,2,56,25,28,20,110,5,4,5,5,2,5,5,4,5,"4,444444444",Homem,inBoost,31,Branco,Salvador,União estável,Sim,Unicamp,Doutorado,2024
e6efef80-aa03-11eb-b922-53ca83b8bd36,1619821415819,1619821839287,stFemale,18,4,2,4,5,4,3,5,3,4,"3,777777778",5,5,5,5,5,4,4,5,4,5,5,5,4,4,5,4,5,3,5,5,5,5,4,3,5,5,5,5,5,3,5,5,4,5,5,5,81,36,43,29,166,5,3,5,3,1,5,5,5,5,"4,111111111",Homem,inThreat,22,Branco,,Solteiro(a),Sim,Unicamp,Graduação,2021
b1950da0-ac0d-11eb-b922-53ca83b8bd36,1620045524285,1620045950332,default,15,3,3,3,2,1,3,2,5,3,"2,777777778",2,3,2,3,4,4,2,4,4,4,3,3,2,3,3,3,4,3,3,4,3,2,3,3,3,4,4,2,2,2,1,5,3,2,3,3,57,30,22,22,108,4,3,3,4,4,4,3,4,4,"3,666666667",Mulher,control,21,Branco,São Paulo,Solteiro(a),Sim,UNICAMP,Graduação,2023
9501d880-ac1c-11eb-b922-53ca83b8bd36,1620051620778,1620052312741,stFemale,19,5,3,5,5,4,4,3,3,4,4,5,5,4,2,5,4,5,5,2,5,4,5,5,4,5,4,4,4,4,4,5,3,4,3,5,4,5,5,4,3,5,5,3,2,4,4,74,33,36,28,149,5,2,5,4,3,5,5,5,5,"4,333333333",Homem,inThreat,29,Branco,Salvador,Casado(a),Sim,UFBA,Graduação,2023
a40fe2d0-adc1-11eb-b922-53ca83b8bd36,1620232657120,1620232728642,stFemale,3,1,1,1,1,1,1,1,1,1,1,1,2,5,2,2,2,4,2,2,2,2,3,2,3,4,3,2,3,4,,1,3,4,4,4,1,2,3,1,3,2,2,3,3,3,3,46,23,28,13,92,2,1,2,3,2,3,2,3,3,"2,333333333",Mulher,inBoost,26,Pardo,Maceió,Divorciado(a),Sim,UFAL,Mestrado,2021
745e59d0-ae71-11eb-b922-53ca83b8bd36,1620307925436,1620308687746,stMale,17,4,4,4,4,4,4,3,4,5,4,5,3,4,3,4,3,4,5,3,4,4,5,3,3,3,3,4,2,4,4,3,2,3,3,3,4,4,3,3,3,4,4,3,4,3,3,73,28,33,21,125,5,3,4,3,4,4,4,4,3,"3,777777778",Homem,inBoost,34,Pardo,Maceió,Casado(a),Não,,Mestrado,
a9579de0-ae8f-11eb-b922-53ca83b8bd36,1620319728199,1620321662994,default,16,4,3,4,2,4,4,3,4,3,"3,444444444",2,4,3,2,4,2,5,5,1,4,3,3,2,3,5,4,2,1,5,5,4,4,4,1,2,5,4,4,4,1,5,4,2,2,2,4,67,24,25,23,117,4,5,2,4,2,4,4,4,5,"3,777777778",Mulher,control,20,Branco,Limeira-SP,Solteiro(a),Sim,UNICAMP,Graduação,2022
c1019100-b036-11eb-b922-53ca83b8bd36,1620501723413,1620503184448,stMale,15,3,3,4,3,4,3,4,2,4,"3,333333333",3,4,3,2,3,3,4,4,3,3,3,4,3,2,5,2,3,3,4,3,3,3,3,3,4,4,3,4,5,1,5,5,5,4,3,5,74,27,30,21,124,5,5,5,5,2,3,3,5,5,"4,222222222",Mulher,inThreat,49,Branco,Maceió,Divorciado(a),Sim,UFAL,Graduação,2022
57067190-b7f6-11eb-844d-a70439218f9b,1621354448223,1621355293503,stMale,18,2,3,4,2,4,3,5,5,4,"3,555555556",4,3,5,3,4,2,4,3,1,3,3,4,2,3,3,5,3,1,4,3,3,4,3,1,4,1,4,2,5,1,5,5,3,5,3,3,59,20,34,22,115,5,1,4,3,5,5,5,4,5,"4,111111111",Homem,inBoost,27,Branco,São Paulo,Solteiro(a),Sim,USP,Graduação,2023
ce1f66c0-b7ff-11eb-844d-a70439218f9b,1621358877191,1621359369529,default,14,4,3,4,4,5,3,5,4,4,4,5,3,3,3,4,4,2,5,5,4,4,5,5,4,4,3,4,4,4,4,4,4,4,4,3,4,2,3,5,3,5,4,3,5,4,4,84,34,34,22,140,4,5,4,4,4,4,4,5,5,"4,333333333",Homem,control,39,Branco,Belém,Solteiro(a),Não,UNIVERSIDADE FEDERAL DO PARÁ,Outros,0
ff6fd360-b8a7-11eb-844d-a70439218f9b,1621431041238,1621431626377,default,17,2,2,2,1,2,1,4,3,3,"2,222222222",3,4,5,1,5,3,5,4,1,4,1,4,4,4,4,3,4,1,5,5,4,5,4,4,2,5,5,2,4,3,2,5,3,5,4,4,67,27,34,27,131,5,5,5,5,5,5,4,5,5,"4,888888889",Mulher,control,26,Pardo,São Paulo,União estável,Sim,PUCSP,Mestrado,2020
28f643d0-be49-11eb-844d-a70439218f9b,1622049129542,1622050476425,default,11,4,4,4,3,4,3,5,5,5,"4,111111111",5,5,4,4,4,5,3,5,2,4,1,4,4,5,5,5,5,3,4,5,5,3,4,3,5,5,3,5,3,1,5,3,4,4,3,4,85,33,36,24,142,4,3,4,5,5,5,3,3,2,"3,777777778",Mulher,control,19,Pardo,Arapiraca,Solteiro(a),Sim,UFAL,Graduação,2022
a7ab97b0-be4a-11eb-844d-a70439218f9b,1622050094448,1622050858732,stFemale,18,3,2,3,3,3,3,3,3,3,"2,888888889",3,2,3,3,4,3,4,3,2,4,3,2,3,3,3,3,3,2,3,3,3,3,2,2,3,4,1,2,3,2,3,4,3,3,3,3,66,25,28,18,103,3,4,3,2,3,3,3,2,3,"2,888888889",Mulher,inBoost,20,Pardo,Arapiraca,Casado(a),Sim,UFAL-Campus Arapiraca,Graduação,2024
813f9880-be4d-11eb-844d-a70439218f9b,1622050998635,1622051988998,stMale,7,4,2,4,3,4,4,5,4,4,"3,777777778",4,4,4,5,4,4,1,5,4,4,4,2,5,5,4,5,4,4,3,5,5,3,4,4,3,5,5,4,3,4,5,4,5,5,4,4,76,39,34,27,147,5,4,3,3,3,3,4,4,4,"3,666666667",Homem,inBoost,19,Pardo,Feira Grande,Solteiro(a),Sim,UFAL,Graduação,2024
cd3af3b0-be61-11eb-844d-a70439218f9b,1622057965841,1622061186824,default,16,3,2,4,4,3,4,3,4,4,"3,444444444",5,4,2,5,4,4,3,3,4,5,4,4,4,4,4,2,3,2,2,4,3,4,3,4,4,3,4,3,3,1,4,5,2,4,2,2,73,26,31,22,123,4,5,3,2,2,4,3,2,4,"3,222222222",Homem,control,37,Negro,Penedo,Casado(a),Sim,UFAL,Mestrado,2021
2ad69c00-9bac-11eb-9a80-1bce8d1325ce,1618243985412,1618244794277,stFemale,16,4,3,4,4,4,4,4,3,4,"3,777777778",5,5,5,5,4,5,5,5,5,5,4,5,5,5,5,4,5,4,4,5,5,5,5,2,4,4,4,4,5,4,5,5,5,5,5,5,75,41,43,28,167,3,2,5,4,5,5,5,5,5,"4,333333333",Mulher,inBoost,22,Pardo,Rio Largo,Solteiro(a),Sim,UFAL,Graduação,2022
5cd4f190-9bb4-11eb-9a80-1bce8d1325ce,1618247299283,1618248168683,stFemale,18,3,4,4,2,3,2,2,4,3,3,3,5,4,3,5,3,4,5,5,5,4,4,4,5,4,5,5,3,4,5,5,4,5,5,4,4,5,5,4,4,4,4,3,4,5,5,83,37,35,29,155,5,4,4,5,5,5,4,5,5,"4,666666667",Mulher,inBoost,19,Negro,Paripueira,Solteiro(a),Sim,UFAL,Graduação,2026
f2aa3510-9bbc-11eb-9a80-1bce8d1325ce,1618249515131,1618251622315,stFemale,16,3,3,4,2,3,2,2,5,5,"3,222222222",5,4,4,4,5,5,3,5,3,5,5,2,4,3,4,4,4,3,2,,5,2,5,3,5,4,4,4,4,2,5,5,3,4,4,4,57,34,35,26,137,4,3,5,5,1,4,4,5,4,"3,888888889",Mulher,inBoost,21,Prefiro não Responder,Maceió,Solteiro(a),Sim,UFAL,Graduação,2022
336c6a80-9bd3-11eb-9a80-1bce8d1325ce,1618260669525,1618261272266,stFemale,19,4,3,4,3,5,5,3,4,4,"3,888888889",5,4,2,4,5,4,4,4,3,4,4,5,4,3,4,4,5,3,5,4,4,5,5,2,4,4,4,3,4,3,5,4,3,4,4,5,71,33,36,25,143,4,5,4,4,3,4,5,4,5,"4,222222222",Homem,inThreat,20,Pardo,Maceió,Solteiro(a),Sim,UFAL,Graduação,2022
15a0d080-9ba2-11eb-9e02-0176ef389fa9,1618239551935,1618240286298,stFemale,17,4,3,4,4,4,4,5,4,4,4,4,2,2,2,5,3,5,3,1,5,2,4,4,3,4,4,3,1,5,5,3,2,2,3,4,4,5,2,2,1,5,5,4,4,3,4,62,25,33,25,120,5,4,5,1,4,4,4,5,4,4,Mulher,inBoost,23,Pardo,Maceió,Solteiro(a),Sim,UFAL,Graduação,2022
dda41800-9ba5-11eb-b23f-830f6ae9351b,1618239278216,1618242019982,stFemale,19,4,4,4,3,3,3,2,4,4,"3,444444444",4,5,4,4,5,5,4,5,3,4,4,4,4,5,4,4,4,4,4,4,4,3,4,3,4,3,4,3,4,3,4,4,3,5,3,4,70,33,36,26,142,5,3,5,4,4,4,3,4,3,"3,888888889",Mulher,inBoost,19,Pardo,Maceió,Solteiro(a),Sim,UFAL,Graduação,2024
ffc1d640-9ba3-11eb-b23f-830f6ae9351b,1618240577178,1618241377922,default,18,5,4,4,5,2,2,4,5,4,"3,888888889",5,5,5,2,5,2,5,5,1,5,2,5,5,1,5,2,4,1,5,5,5,5,3,2,2,4,4,3,5,1,5,5,1,3,1,4,72,20,33,24,128,5,5,5,5,5,5,5,5,5,5,Mulher,control,18,Branco,Maceió,Solteiro(a),Sim,UFAL,Graduação,2026
4fba54e0-9ba6-11eb-b23f-830f6ae9351b,1618241753278,1618242268934,default,12,3,4,3,3,4,4,5,4,4,"3,777777778",5,3,,2,3,2,2,5,4,4,3,4,3,3,4,4,4,2,5,3,4,4,3,3,2,4,2,2,4,2,4,4,2,4,3,5,84,27,26,21,117,4,5,4,3,1,3,5,3,5,"3,666666667",Homem,control,21,Pardo,Maceió,Solteiro(a),Sim,UFAL,Graduação,2024
60ae0380-9ba8-11eb-b23f-830f6ae9351b,1618242765361,1618243385346,stFemale,9,2,2,2,3,3,4,3,4,3,"2,888888889",3,4,4,3,3,3,4,4,2,3,2,2,2,5,4,5,3,3,4,4,4,5,5,3,1,5,2,2,5,1,5,3,3,3,2,3,51,30,26,20,119,2,4,2,3,1,3,1,3,2,"2,333333333",Mulher,inBoost,,Pardo,Maceió,Solteiro(a),Sim,UFAL,Outros,2024
ee7065b0-ddd8-11eb-b35c-0989189c2e5c,1625521003514,1625521354451,default,14,4,4,3,2,4,5,2,5,4,"3,666666667",5,3,2,2,4,1,4,4,2,1,3,5,5,4,5,4,5,4,5,5,4,4,5,2,2,5,4,4,5,1,5,5,4,3,3,5,71,27,31,26,134,2,3,3,2,1,5,4,3,4,3,Homem,control,23,Branco,Maceió,Solteiro(a),Sim,UFAL,Graduação,2023
87084540-ddd9-11eb-b35c-0989189c2e5c,1625520403913,1625521100342,default,19,3,3,4,3,5,3,4,3,4,"3,555555556",2,3,3,4,3,3,4,4,2,3,3,4,2,4,3,4,3,2,3,4,3,3,4,2,3,3,4,3,3,2,2,3,3,2,2,2,77,26,25,19,107,3,4,3,3,2,3,3,3,3,3,Mulher,control,23,Branco,Maceió,Solteiro(a),Sim,UFAL,Outros,2022.2
8cc0f630-ddd9-11eb-b35c-0989189c2e5c,1625520386575,1625521011490,stMale,16,5,1,5,5,5,5,5,3,5,"4,333333333",5,5,5,5,5,5,5,5,5,5,5,5,5,5,5,5,5,5,5,5,5,5,5,5,5,5,5,5,5,5,5,5,5,5,5,5,98,45,45,30,180,5,5,5,5,5,5,5,5,5,5,Mulher,inThreat,27,Pardo,Maceió,Solteiro(a),Não,UFAL,Mestrado,2023
15863ca0-ddda-11eb-b35c-0989189c2e5c,1625520485599,1625521322620,stMale,18,5,4,5,4,5,4,3,5,4,"4,333333333",5,3,4,2,3,1,5,3,1,5,3,4,1,1,3,1,3,1,4,1,1,1,1,1,5,1,1,3,3,1,5,5,1,1,3,3,58,13,30,14,90,5,4,3,5,4,5,4,3,5,"4,222222222",Homem,inBoost,23,Pardo,Maceió,Solteiro(a),Sim,UFAL,Outros,2022
3503e9b0-ddda-11eb-b35c-0989189c2e5c,1625520436081,1625521328451,stMale,12,3,4,4,3,2,2,1,2,2,"2,555555556",2,1,3,1,1,1,5,2,1,1,4,5,2,2,4,5,2,2,3,2,1,5,5,1,1,5,1,1,5,1,5,1,5,2,1,3,49,26,20,9,92,5,3,3,3,1,3,2,1,2,"2,555555556",Mulher,inThreat,22,Pardo,Maceió,Solteiro(a),Sim,UFAL,Mestrado,2023
b749d3d0-ddda-11eb-b35c-0989189c2e5c,1625531309393,1625532304467,stMale,20,5,1,5,4,5,4,5,5,5,"4,333333333",5,5,2,3,4,5,3,5,4,5,5,4,4,4,4,4,4,4,2,4,5,3,5,4,4,5,3,4,5,5,4,5,5,2,4,5,76,42,29,26,148,3,5,5,2,5,5,4,5,5,"4,333333333",Homem,inBoost,25,Branco,Maceió,Solteiro(a),Sim,UFAL,Graduação,2022
19bc4fc0-dddb-11eb-b35c-0989189c2e5c,1625520481646,1625521702371,stFemale,17,3,2,4,4,5,2,3,4,3,"3,333333333",2,4,4,4,5,4,2,5,5,5,5,4,4,5,5,5,5,5,3,5,5,3,5,4,5,4,3,3,4,5,4,5,5,4,5,5,75,43,33,28,155,5,4,4,5,5,3,3,5,5,"4,333333333",Homem,inThreat,25,Branco,Maceió,Solteiro(a),Sim,UFAL,Mestrado,2023
6df4fb00-dddb-11eb-b35c-0989189c2e5c,1625520654431,1625521780119,default,20,4,3,5,2,4,3,4,5,4,"3,777777778",4,5,2,2,4,4,3,4,3,4,4,4,2,4,4,4,4,1,4,4,4,5,3,2,4,4,2,3,4,2,4,5,5,3,3,4,72,30,27,23,127,5,5,5,5,4,4,5,4,4,"4,555555556",Homem,control,24,Branco,Coruripe,Solteiro(a),Sim,UFAL,Graduação,2023
8330c580-dddb-11eb-b35c-0989189c2e5c,1625520533076,1625521802607,stFemale,17,3,2,4,3,4,5,5,3,3,"3,555555556",5,3,5,3,2,3,5,3,3,1,3,5,2,2,3,1,3,2,5,3,2,3,2,2,3,2,3,4,3,1,5,3,2,5,3,3,63,17,36,15,108,4,1,4,4,2,4,5,3,4,"3,444444444",Homem,inThreat,24,Branco,Maceió,Solteiro(a),Sim,UFAL,Graduação,2023
7dacc3b0-dddc-11eb-b35c-0989189c2e5c,1625521100361,1625522281999,stMale,18,4,3,4,3,4,3,2,1,4,"3,111111111",4,2,5,3,5,4,4,5,2,5,1,5,4,5,4,4,5,1,4,5,5,5,5,2,4,4,5,5,5,1,5,5,3,4,3,4,68,29,35,29,142,5,3,4,4,1,5,4,5,5,4,Homem,inBoost,23,Pardo,União dos Palmares,Solteiro(a),Sim,UFAL,Graduação,0
a461ab60-dddc-11eb-b35c-0989189c2e5c,1625520582684,1625522381224,default,19,3,2,5,4,5,3,3,5,4,"3,777777778",3,1,5,2,5,3,4,4,4,5,3,5,3,5,5,4,4,1,5,4,3,5,4,1,4,3,1,5,3,1,4,5,3,4,3,4,77,28,33,23,128,5,3,5,3,5,5,5,5,5,"4,555555556",Homem,control,21,Pardo,Maceió,Solteiro(a),Sim,UFAL,Graduação,2023
929eab50-de89-11eb-b35c-0989189c2e5c,1625596100844,1625596676877,stFemale,19,3,5,3,5,5,4,1,4,5,"3,888888889",5,5,1,5,5,3,5,4,5,5,2,5,5,3,5,4,2,1,5,4,4,5,2,3,5,3,1,2,3,2,3,5,4,5,2,4,81,29,38,22,132,5,5,5,4,5,5,4,5,5,"4,777777778",Homem,inThreat,30,Branco,Maceió,Solteiro(a),Sim,UFAL,Mestrado,2016
add431f0-de8a-11eb-b35c-0989189c2e5c,1625596122738,1625597132671,default,17,4,4,4,4,4,3,4,5,4,4,3,3,5,4,4,3,4,3,3,4,2,2,5,2,3,2,3,5,3,3,3,5,1,3,5,3,4,3,1,4,4,4,3,5,2,3,63,28,36,20,119,4,2,4,4,4,4,3,4,5,"3,777777778",Homem,control,24,Branco,Maceió,Solteiro(a),Sim,UFAL,Graduação,2023
c6f48cd0-de8e-11eb-b35c-0989189c2e5c,1625598469323,1625598905725,stMale,3,3,4,5,3,4,4,2,4,5,"3,777777778",1,4,3,4,3,1,3,5,4,4,2,5,3,5,5,2,3,2,3,4,3,3,3,3,3,4,2,2,5,1,5,3,3,3,2,1,59,24,25,17,112,3,2,2,2,4,5,2,5,4,"3,222222222",Homem,inBoost,23,Pardo,,Solteiro(a),Sim,UFAL,Graduação,2024
47026140-de8f-11eb-b35c-0989189c2e5c,1625598428741,1625599141624,default,15,4,1,5,5,4,3,4,4,3,"3,666666667",5,5,5,5,5,5,1,5,5,5,5,5,3,4,5,4,5,5,3,4,5,2,4,2,4,4,3,4,4,2,5,5,3,5,4,5,74,37,35,27,150,5,5,5,4,5,5,5,5,5,"4,888888889",Homem,control,20,Branco,Pilar,Solteiro(a),Sim,UFAL,Graduação,2024
2fdcf9c0-de90-11eb-b35c-0989189c2e5c,1625598900428,1625599532451,stFemale,15,4,4,5,4,3,4,3,3,3,"3,666666667",5,5,2,4,5,5,1,5,4,5,3,5,5,5,4,4,5,5,3,5,5,4,5,5,5,3,5,5,4,5,5,5,5,3,5,5,78,41,33,30,159,5,3,4,4,5,5,5,5,5,"4,555555556",Mulher,inBoost,20,Negro,Messias,Solteiro(a),Sim,UFAL,,2025
c9238fe0-de90-11eb-b35c-0989189c2e5c,1625598949549,1625599748982,stMale,17,4,2,2,2,4,3,2,4,2,"2,777777778",2,4,4,4,4,4,3,4,4,4,4,4,4,4,4,3,4,3,4,4,4,4,4,4,4,4,4,4,4,2,4,4,4,4,4,4,79,32,33,24,137,4,4,4,4,4,4,4,4,4,4,Mulher,inThreat,20,Branco,Maceió,Solteiro(a),Sim,UFAL,Graduação,2026
87965ff0-de93-11eb-b35c-0989189c2e5c,1625599626337,1625600941716,stMale,19,5,5,3,3,2,4,2,5,2,"3,444444444",5,2,5,5,2,4,5,3,1,3,2,3,5,1,2,3,1,1,5,2,,1,2,1,4,1,3,1,2,1,5,5,2,5,3,2,55,18,42,13,98,5,2,5,5,5,4,3,2,4,"3,888888889",Homem,inBoost,22,Pardo,União dos Palmares,Solteiro(a),Sim,UFAL,Graduação,2025
1c406380-de94-11eb-b35c-0989189c2e5c,1625600159130,1625601177238,stFemale,9,3,3,4,3,3,3,3,4,3,"3,222222222",2,3,3,3,3,3,1,4,3,3,3,4,3,3,3,3,2,3,2,4,2,4,3,4,3,4,3,4,3,3,5,3,3,4,3,4,67,28,24,18,113,3,4,2,3,4,4,3,3,4,"3,333333333",Mulher,inBoost,,Pardo,Arapiraca,Solteiro(a),Sim,UFAL,Graduação,2025
68a1d8b0-de96-11eb-b35c-0989189c2e5c,1625601503840,1625602182123,stMale,13,5,3,5,4,4,3,3,5,4,4,5,4,2,5,5,5,2,5,4,4,3,4,5,3,3,3,3,3,3,3,3,2,3,2,4,3,4,3,2,2,3,3,1,3,3,3,61,28,32,21,118,5,5,4,5,5,5,5,4,5,"4,777777778",Homem,inBoost,19,Branco,Maceió,Solteiro(a),Sim,UFAL,Graduação,2025
f0506c10-dea3-11eb-b35c-0989189c2e5c,1625604349336,1625605817824,stMale,12,3,2,5,3,5,3,4,5,5,"3,888888889",2,5,4,5,5,4,4,5,5,5,4,3,2,5,2,3,5,5,5,5,3,3,5,5,5,2,4,5,3,4,3,5,2,3,5,5,69,35,35,27,145,4,4,4,4,4,5,4,5,4,"4,222222222",Homem,inBoost,,Pardo,Maceió,Solteiro(a),Sim,UFAL,Graduação,
4e8a02d0-deb0-11eb-b35c-0989189c2e5c,1625612518267,1625613628215,stFemale,18,5,2,5,4,3,4,2,4,1,"3,333333333",5,4,5,3,5,5,5,5,5,5,5,5,5,4,4,2,4,5,4,4,5,4,5,4,5,5,5,5,2,1,1,3,2,5,5,5,87,35,42,27,151,5,1,5,5,5,5,5,,5,"4,5",Homem,inThreat,21,Branco,Maribondo,Solteiro(a),Sim,,Graduação,2026
9e4f9ed0-dfa8-11eb-b35c-0989189c2e5c,1625717793637,1625719943780,default,18,4,5,5,4,4,4,5,3,5,"4,333333333",5,5,5,5,4,5,2,5,3,4,5,5,4,4,4,3,5,3,4,5,4,2,4,3,5,3,3,4,4,2,5,4,2,5,4,5,66,29,39,24,144,5,5,4,5,4,5,5,5,5,"4,777777778",Homem,control,33,Branco,CAMARAGIBE,Solteiro(a),Sim,UFAL,Mestrado,2022
167541b0-dfb5-11eb-b35c-0989189c2e5c,1625724099893,1625725302904,stMale,16,3,3,4,2,3,3,4,3,3,"3,111111111",3,2,4,2,3,3,5,3,3,3,2,4,1,2,3,2,3,3,4,2,2,4,3,2,3,5,5,3,5,3,5,4,2,5,4,5,65,27,31,21,117,4,5,4,3,3,4,4,4,4,"3,888888889",Homem,inBoost,27,Branco,Rio Largo,Solteiro(a),Sim,UFAL,Graduação,2025
0f95cdf0-e00b-11eb-b35c-0989189c2e5c,1625761557965,1625762201207,default,14,2,2,3,2,3,3,2,4,4,"2,777777778",3,2,5,2,3,4,5,3,,3,4,4,2,3,3,3,2,3,4,3,2,3,2,2,2,3,3,4,4,3,3,3,3,2,4,5,56,24,29,19,109,3,2,2,3,3,2,3,3,4,"2,777777778",Homem,control,21,Negro,Viçosa,Prefiro nÃ£o Responder,Sim,UFAL,Graduação,2025
5c8c9df0-e010-11eb-b35c-0989189c2e5c,1625762362345,1625764187059,stFemale,14,3,2,4,3,4,3,1,4,5,"3,222222222",5,3,4,4,5,4,1,5,5,5,5,5,5,5,5,5,5,4,5,5,5,5,5,4,5,5,4,5,5,3,5,5,5,5,3,5,80,41,37,29,164,5,5,5,3,3,5,5,5,5,"4,555555556",Homem,inThreat,19,Branco,Satuba,Solteiro(a),Sim,UFAL,Graduação,2026
9a577dc0-efbb-11eb-9e58-d7ab9ffcd345,1627486680707,1627487360091,stFemale,16,3,2,4,3,5,4,5,2,3,"3,444444444",5,4,1,2,3,4,1,5,2,2,3,2,3,3,3,2,2,1,2,5,3,2,2,1,3,4,5,,4,1,3,3,1,2,2,2,59,19,21,19,93,5,5,3,2,1,5,5,3,5,"3,777777778",Mulher,inBoost,23,Branco,Maceió,Solteiro(a),Sim,UFAL,Graduação,2023
773f07c0-f0ad-11eb-9e58-d7ab9ffcd345,1627589451136,1627591058182,default,15,4,3,4,3,3,3,3,4,3,"3,333333333",4,5,3,4,4,4,3,5,5,4,3,4,4,4,4,3,4,3,3,4,4,4,4,3,4,3,5,4,3,3,4,4,3,4,4,4,75,32,33,25,137,4,2,3,3,2,4,3,4,4,"3,222222222",Mulher,control,21,Branco,Maceió,Solteiro(a),Sim,UFAL,Graduação,2024
25e09d20-f243-11eb-9e58-d7ab9ffcd345,1627764692423,1627765474397,stMale,14,5,3,5,4,4,4,3,5,1,"3,777777778",5,3,3,3,4,2,4,3,3,3,3,4,4,2,3,1,3,3,2,3,2,4,2,2,3,5,2,3,5,1,5,4,2,3,3,3,65,22,30,17,110,5,3,3,2,2,5,3,2,4,"3,222222222",Homem,inBoost,31,Branco,Maceió,UniÃ£o estÃ¡vel,Sim,UFAL,Graduação,2023.1
61075420-f4aa-11eb-9e58-d7ab9ffcd345,1628028983462,1628029701809,stFemale,14,5,1,5,4,4,4,3,4,4,"3,777777778",5,3,2,4,4,2,2,4,3,4,4,4,4,4,4,4,4,3,4,4,3,2,3,3,3,3,3,3,3,3,3,4,3,3,3,3,53,28,30,21,120,4,3,4,3,5,3,3,2,4,"3,444444444",Mulher,inBoost,35,Prefiro nÃ£o Responder,Maceió,Casado(a),Sim,UFAL,Graduação,2023
8b16b170-f4aa-11eb-9e58-d7ab9ffcd345,1628028880721,1628029770036,stFemale,15,2,2,2,1,4,2,3,3,3,"2,444444444",1,5,4,1,5,1,4,5,4,5,5,5,2,3,5,2,5,2,4,5,5,5,5,5,2,5,5,5,5,1,5,5,3,4,2,5,79,28,24,28,140,5,1,2,4,2,4,4,5,5,"3,555555556",Mulher,inBoost,19,Pardo,Maceió,Solteiro(a),Sim,UFAL,Graduação,2023
d36436f0-f4aa-11eb-9e58-d7ab9ffcd345,1628028882337,1628029827530,stFemale,14,3,4,3,2,2,2,5,4,4,"3,222222222",4,3,3,3,4,4,4,5,3,5,3,4,1,3,5,3,4,1,5,3,3,5,3,2,3,4,5,4,2,5,4,5,4,4,3,5,77,32,30,25,131,4,2,4,5,3,4,4,4,5,"3,888888889",Mulher,inBoost,23,Pardo,Maceió,Solteiro(a),Sim,UFAL,Graduação,2023
0e6cfa20-f4ab-11eb-9e58-d7ab9ffcd345,1628028996612,1628029815303,stMale,13,3,3,3,4,4,4,3,5,4,"3,666666667",5,5,1,5,4,2,3,4,2,4,3,4,5,4,5,3,3,2,3,3,3,3,3,3,4,5,2,4,3,4,2,5,4,2,2,2,82,29,30,20,121,3,3,3,3,4,4,3,4,3,"3,333333333",Mulher,inThreat,22,Negro,Viçosa,Casado(a),Sim,UFAL,Graduação,2023
8454ea60-f4a9-11eb-9e58-d7ab9ffcd345,1628028690957,1628029324798,stMale,13,1,1,1,1,1,1,5,5,1,"1,888888889",1,1,5,3,1,1,5,3,1,1,3,3,1,4,3,2,3,1,4,1,1,1,2,1,1,5,1,1,3,1,4,1,1,5,1,1,50,15,26,9,77,5,5,1,1,1,1,1,1,1,"1,888888889",Mulher,inThreat,28,Branco,Maceió,Casado(a),Sim,UFAL,Graduação,2023
b6d40ce0-f4aa-11eb-9e58-d7ab9ffcd345,1628028745934,1628029802370,default,14,4,3,4,4,4,3,2,3,4,"3,444444444",4,4,2,4,5,3,3,5,3,4,4,1,4,5,4,3,4,2,4,5,5,4,3,3,4,3,4,3,3,1,5,4,2,1,3,5,72,24,29,28,126,3,5,3,4,3,2,2,3,3,"3,111111111",Mulher,control,23,Negro,São Miguel dos Campos,Solteiro(a),Sim,UFAL,Graduação,2023
344df000-f4ab-11eb-9e58-d7ab9ffcd345,1628029153453,1628029939341,default,12,3,2,3,5,2,1,5,3,2,"2,888888889",3,5,3,4,5,3,2,5,4,4,5,3,3,4,5,5,4,3,4,5,5,5,5,5,5,5,5,5,5,4,5,4,4,5,4,5,88,37,33,28,155,3,1,3,3,2,5,5,5,5,"3,555555556",Mulher,control,20,Pardo,Viçosa,Solteiro(a),Sim,UFAL,Graduação,2024
6d42c750-f4ab-11eb-9e58-d7ab9ffcd345,1628029545484,1628030168590,default,11,5,3,4,4,4,4,2,5,5,4,5,5,1,5,4,5,5,5,5,5,5,5,5,5,5,5,5,4,3,5,5,5,5,5,5,3,5,5,5,5,5,5,5,5,5,5,90,42,39,29,170,5,4,5,4,5,5,5,4,5,"4,666666667",Mulher,control,26,Pardo,Rio largo,Solteiro(a),Sim,UFAL,Graduação,2024
a0e8ac00-f4ab-11eb-9e58-d7ab9ffcd345,1628029332956,1628030420960,default,11,3,3,4,3,2,3,4,5,4,"3,444444444",5,4,2,3,3,2,3,5,3,3,2,5,4,5,5,3,4,2,2,5,4,3,4,3,3,5,3,3,3,2,5,3,3,2,2,5,77,27,26,23,123,2,4,3,2,4,2,2,2,5,"2,888888889",Mulher,control,23,Negro,Maceió,Solteiro(a),Sim,UFAL,Graduação,2023
9f0a6100-f4a9-11eb-9e58-d7ab9ffcd345,1628028756124,1628029356342,default,16,3,2,5,5,3,2,5,3,5,"3,666666667",5,5,5,4,4,5,5,5,4,4,4,5,3,4,5,3,4,3,5,5,5,5,5,2,1,4,3,5,5,1,5,4,3,5,4,5,78,32,37,25,149,5,2,4,4,3,5,4,4,4,"3,888888889",Mulher,control,21,Branco,Campo Alegre,Solteiro(a),Sim,UFAL,Graduação,2021
1dc30080-f4bc-11eb-9e58-d7ab9ffcd345,1628030537204,1628037263135,stFemale,14,3,1,4,3,4,4,4,1,4,"3,111111111",4,5,2,4,5,4,5,5,3,5,5,4,4,4,5,5,5,2,4,5,5,5,5,5,4,5,4,5,5,3,5,5,4,5,4,5,75,36,36,28,159,3,4,4,3,2,4,4,5,5,"3,777777778",Mulher,inBoost,21,Pardo,Maceió,Solteiro(a),Sim,UFAL,Graduação,2023
13766590-f52a-11eb-9e58-d7ab9ffcd345,1628083930111,1628084495884,stFemale,16,5,3,3,1,3,1,1,5,4,"2,888888889",5,4,5,3,5,4,3,5,5,4,4,5,4,5,5,4,4,3,5,5,5,5,4,3,4,5,5,4,4,1,5,5,5,3,2,4,70,35,34,29,151,5,1,3,5,5,5,4,4,5,"4,111111111",Mulher,inBoost,20,Branco,Maceió,Solteiro(a),Sim,UFAL,Graduação,-2
27627e90-f52a-11eb-9e58-d7ab9ffcd345,1628084143991,1628084597460,default,10,4,3,4,3,3,4,1,4,3,"3,222222222",5,4,2,4,4,4,2,4,4,4,3,2,4,4,2,4,4,4,2,4,4,1,5,5,5,2,4,4,2,4,2,4,4,2,4,4,59,35,30,24,126,4,4,4,4,4,4,4,4,4,4,Mulher,control,23,Negro,aracaju,Solteiro(a),Sim,UFAL,Graduação,
2d1b0870-f52a-11eb-9e58-d7ab9ffcd345,1628083958999,1628084562868,stFemale,15,3,3,4,4,4,4,2,3,3,"3,333333333",5,3,1,4,3,2,1,4,5,4,4,1,2,2,2,3,3,3,3,3,2,1,3,1,2,4,2,3,2,2,4,2,2,1,2,2,54,28,21,13,93,5,2,2,2,3,2,4,1,2,"2,555555556",Mulher,inBoost,24,Branco,Maceió,Solteiro(a),Sim,UFAL,Graduação,2023
5a5ae530-f52a-11eb-9e58-d7ab9ffcd345,1628083952578,1628084629093,stFemale,12,2,2,2,2,2,2,2,2,1,"1,888888889",2,2,1,3,2,3,2,4,2,3,4,3,2,2,2,1,1,2,3,2,2,2,3,4,1,5,3,2,4,1,5,3,1,4,2,3,57,21,20,15,91,3,2,2,2,2,1,1,2,1,"1,777777778",Mulher,inBoost,20,Branco,Maceió,Solteiro(a),Sim,UFAL,Graduação,2024
97ab0050-f52a-11eb-9e58-d7ab9ffcd345,1628083945188,1628084752227,default,15,3,3,3,3,3,3,2,3,3,"2,888888889",3,2,2,1,4,5,5,1,1,1,1,2,1,1,1,1,5,4,3,1,1,1,1,1,1,4,2,1,3,4,3,2,1,2,2,2,44,22,20,12,76,5,5,3,1,1,2,2,2,4,"2,777777778",Mulher,control,22,Branco,Maceió,Solteiro(a),Sim,UFAL,Graduação,2023
8ac07680-f52b-11eb-9e58-d7ab9ffcd345,1628084169313,1628085185435,stMale,18,4,2,2,2,4,4,1,5,3,3,4,5,3,2,5,4,4,4,3,4,4,4,2,2,4,2,5,1,4,5,3,4,4,3,2,4,2,3,3,1,5,5,1,4,4,5,64,24,29,22,124,4,4,2,4,2,4,4,4,2,"3,333333333",Mulher,inThreat,21,Negro,Maceió,Solteiro(a),Sim,UFAL,Graduação,2023
19d2e5b0-f52c-11eb-9e58-d7ab9ffcd345,1628084006186,1628085381758,stMale,11,4,3,3,3,4,3,4,3,3,"3,333333333",3,3,2,4,4,4,2,5,2,4,4,4,4,3,3,2,3,4,3,5,4,3,3,2,4,4,3,3,4,2,4,4,2,4,3,4,39,27,29,22,121,3,3,4,3,2,4,2,3,2,"2,888888889",Mulher,inThreat,28,Pardo,Maceió,Solteiro(a),Sim,UFAL,Graduação,2023
20a236c0-f52c-11eb-9e58-d7ab9ffcd345,1628084549347,1628085437075,default,18,4,4,4,5,5,3,1,5,5,4,4,5,4,5,5,1,2,5,2,5,2,5,5,5,5,5,5,1,4,5,5,5,3,4,5,5,5,2,5,2,5,5,3,4,2,5,48,27,35,30,145,5,4,4,4,5,5,5,5,5,"4,666666667",Mulher,control,22,Negro,Arapiraca,Solteiro(a),Sim,UFAL,Graduação,2024
ef2aae50-f52c-11eb-9e58-d7ab9ffcd345,1628084089702,1628085622681,stMale,16,4,3,5,5,5,4,5,4,5,"4,444444444",3,1,3,4,4,4,4,3,3,4,4,4,3,3,5,1,3,2,3,3,3,2,3,2,3,4,5,,4,2,4,5,2,5,5,5,31,25,33,25,118,5,4,3,2,4,5,4,4,5,4,Mulher,inThreat,23,Branco,Maceió,Solteiro(a),Sim,UFAL,Graduação,2023
a4d1c340-f53e-11eb-9e58-d7ab9ffcd345,1628084345141,1628088700661,stFemale,15,3,2,4,3,2,2,2,3,3,"2,666666667",2,2,2,2,1,3,2,2,3,2,2,1,2,1,2,1,4,1,3,2,2,1,1,1,1,4,2,2,3,2,1,4,3,3,2,2,22,20,19,12,74,3,5,2,5,2,2,4,2,1,"2,888888889",Mulher,inBoost,20,Negro,Maceió,Solteiro(a),Sim,UFAL,Graduação,3